{"custo_unitario_trim1":{"custo_unitario_trim1":1.0,"custo_unitario_trim2":0.9884317193,"custo_unitario_trim3":0.9864089465,"custo_unitario_trim4":0.9881968844,"volume_producao_trim1":-0.0078327205,"volume_producao_trim2":-0.0070868172,"volume_producao_trim3":0.0042443657,"volume_producao_trim4":0.0030519249,"target":0.2926226845},"custo_unitario_trim2":{"custo_unitario_trim1":0.9884317193,"custo_unitario_trim2":1.0,"custo_unitario_trim3":0.9755317621,"custo_unitario_trim4":0.9771456509,"volume_producao_trim1":-0.0065093141,"volume_producao_trim2":-0.00719814,"volume_producao_trim3":0.0052598194,"volume_producao_trim4":0.008107928,"target":0.2886260743},"custo_unitario_trim3":{"custo_unitario_trim1":0.9864089465,"custo_unitario_trim2":0.9755317621,"custo_unitario_trim3":1.0,"custo_unitario_trim4":0.9750295155,"volume_producao_trim1":-0.0013062801,"volume_producao_trim2":-0.0053425067,"volume_producao_trim3":0.0048569538,"volume_producao_trim4":0.0055603805,"target":0.300299431},"custo_unitario_trim4":{"custo_unitario_trim1":0.9881968844,"custo_unitario_trim2":0.9771456509,"custo_unitario_trim3":0.9750295155,"custo_unitario_trim4":1.0,"volume_producao_trim1":-0.0074302721,"volume_producao_trim2":-0.0069274099,"volume_producao_trim3":0.0019774784,"volume_producao_trim4":0.0055241771,"target":0.2816410307},"volume_producao_trim1":{"custo_unitario_trim1":-0.0078327205,"custo_unitario_trim2":-0.0065093141,"custo_unitario_trim3":-0.0013062801,"custo_unitario_trim4":-0.0074302721,"volume_producao_trim1":1.0,"volume_producao_trim2":0.1631802651,"volume_producao_trim3":0.1909109343,"volume_producao_trim4":0.2228582806,"target":-0.254006438},"volume_producao_trim2":{"custo_unitario_trim1":-0.0070868172,"custo_unitario_trim2":-0.00719814,"custo_unitario_trim3":-0.0053425067,"custo_unitario_trim4":-0.0069274099,"volume_producao_trim1":0.1631802651,"volume_producao_trim2":1.0,"volume_producao_trim3":0.179388839,"volume_producao_trim4":0.1927009114,"target":-0.2489519057},"volume_producao_trim3":{"custo_unitario_trim1":0.0042443657,"custo_unitario_trim2":0.0052598194,"custo_unitario_trim3":0.0048569538,"custo_unitario_trim4":0.0019774784,"volume_producao_trim1":0.1909109343,"volume_producao_trim2":0.179388839,"volume_producao_trim3":1.0,"volume_producao_trim4":0.1912612708,"target":-0.2518376642},"volume_producao_trim4":{"custo_unitario_trim1":0.0030519249,"custo_unitario_trim2":0.008107928,"custo_unitario_trim3":0.0055603805,"custo_unitario_trim4":0.0055241771,"volume_producao_trim1":0.2228582806,"volume_producao_trim2":0.1927009114,"volume_producao_trim3":0.1912612708,"volume_producao_trim4":1.0,"target":-0.2419874511},"target":{"custo_unitario_trim1":0.2926226845,"custo_unitario_trim2":0.2886260743,"custo_unitario_trim3":0.300299431,"custo_unitario_trim4":0.2816410307,"volume_producao_trim1":-0.254006438,"volume_producao_trim2":-0.2489519057,"volume_producao_trim3":-0.2518376642,"volume_producao_trim4":-0.2419874511,"target":1.0}}